{
  "success_trans": 0,
  "rejected_trans": 0,
  "finished_trans": 0,
  "new_order": 0,
  "delivered_product": 0,
  "gross_revenue": 0,
  "net_revenue": 0,
  "rejected_amount": 0,
  "shipping_cost": 0,
  "cpc_product": 0,
  "cpc_shop": 0,
  "p_cpc_product": 1,
  "p_cpc_shop": 1,
  "onhold_count": 0,
  "onhold_amt": 0,
  "reso_count": 21,
  "diff_success_trans": 4,
  "diff_rejected_trans": 5,
  "diff_finished_trans": 4.6666665,
  "diff_new_order": 3.3333333,
  "diff_delivered_product": 4,
  "diff_gross_revenue": 1.5865417,
  "diff_net_revenue": 0.13846667,
  "diff_rejected_amount": 4.313091,
  "diff_shipping_cost": 4,
  "diff_cpc_shop": -2147483600,
  "diff_cpc_prod": -2147483600,
  "date_graph": [
    20170713,
    20170714,
    20170715,
    20170716,
    20170717,
    20170718,
    20170719
  ],
  "success_trans_graph": [
    0,
    0,
    0,
    0,
    2,
    3,
    0
  ],
  "rejected_trans_graph": [
    2,
    1,
    1,
    0,
    2,
    5,
    1
  ],
  "gross_graph": [
    0,
    0,
    0,
    0,
    33100,
    28977,
    0
  ],
  "net_graph": [
    0,
    0,
    0,
    0,
    15100,
    1977,
    0
  ],
  "rejected_amt_graph": [
    24444,
    1000,
    1000,
    0,
    2000,
    29000,
    1000
  ],
  "shipping_graph": [
    0,
    0,
    0,
    0,
    18000,
    27000,
    0
  ],
  "ads_p_graph": [
    0,
    0,
    0,
    0,
    0,
    0,
    0
  ],
  "ads_s_graph": [
    0,
    0,
    0,
    0,
    0,
    50,
    50
  ],
  "p_date_graph": [
    20170706,
    20170707,
    20170708,
    20170709,
    20170710,
    20170711,
    20170712
  ],
  "p_success_trans_graph": [
    0,
    0,
    0,
    0,
    1,
    0,
    0
  ],
  "p_rejected_trans_graph": [
    0,
    0,
    0,
    1,
    0,
    0,
    1
  ],
  "p_gross_graph": [
    0,
    0,
    0,
    0,
    24000,
    0,
    0
  ],
  "p_net_graph": [
    0,
    0,
    0,
    0,
    15000,
    0,
    0
  ],
  "p_rejected_amt_graph": [
    0,
    0,
    0,
    10000,
    0,
    0,
    1000
  ],
  "p_shipping_graph": [
    0,
    0,
    0,
    0,
    9000,
    0,
    0
  ],
  "p_ads_p_graph": [
    0,
    0,
    0,
    0,
    0,
    0,
    0
  ],
  "p_ads_s_graph": [
    0,
    0,
    0,
    0,
    0,
    0,
    0
  ]
}
