{"SuccessTrans":0,"ProductView":0,"ProductSold":0,"ConversionRate":0.0,"DiffTrans":-2.1474836e+09,"DiffConv":-2.1474836e+09,"DiffView":-2.1474836e+09,"DiffSold":-2.1474836e+09,"DateGraph":[20160901,20160902,20160903,20160904,20160905,20160906,20160907],"ViewGraph":[62,54,89,73,67,89,75],"ProductSoldGraph":[1,0,4,0,2,5,6],"SuccessTransGraph":[1,0,2,0,2,3,3],"PDateGraph":[20160825,20160826,20160827,20160828,20160829,20160830,20160831],"PViewGraph":[52,40,34,74,54,66,71],"PProductSoldGraph":[3,3,3,3,4,2,7],"PSuccessTransGraph":[2,3,2,2,4,1,3]}