{
  "success_trans": 0,
  "product_view": 0,
  "product_sold": 0,
  "conversion_rate": 0.0,
  "diff_trans": -2.1474836e+09,
  "diff_conv": -2.1474836e+09,
  "diff_view": -2.1474836e+09,
  "diff_sold": -2.1474836e+09,
  "date_graph": [
    20170713,
    20170714,
    20170715,
    20170716,
    20170717,
    20170718,
    20170719
  ],
  "view_graph": [
    29,
    9,
    1,
    1,
    11,
    14,
    17
  ],
  "product_sold_graph": [
    0,
    0,
    0,
    0,
    2,
    3,
    0
  ],
  "success_trans_graph": [
    0,
    0,
    0,
    0,
    2,
    3,
    0
  ],
  "p_date_graph": [
    20170706,
    20170707,
    20170708,
    20170709,
    20170710,
    20170711,
    20170712
  ],
  "p_view_graph": [
    2,
    7,
    0,
    0,
    4,
    27,
    39
  ],
  "p_product_sold_graph": [
    0,
    0,
    0,
    0,
    1,
    0,
    0
  ],
  "p_success_trans_graph": [
    0,
    0,
    0,
    0,
    1,
    0,
    0
  ]
}