{"SuccessTrans":999999,"NewOrder":7,"DeliveredProduct":10,"GrossRevenue":999999,"NetRevenue":19231,"RejectedAmount":18600,"ShippingCost":99000,"CpcProduct":0,"CpcShop":0,"DiffSuccessTrans":-0.2,"DiffNewOrder":-0.6315789,"DiffDeliveredProduct":-0.23076923,"DiffGrossRevenue":2.5745254,"DiffNetRevenue":100,"DiffRejectedAmount":-0.33083898,"DiffShippingCost":0.07027027,"DiffCpcShop":100,"DiffCpcProd":100,"DateGraph":[20161218,20161219,20161220,20161221,20161222,20161223,20161224],"SuccessTransGraph":[2,1,0,0,1,0,4],"RejectedSumGraph":[0,5,3,0,0,0,0],"GrossGraph":[1631,1500,0,0,2000,0,113100],"NetGraph":[-21369,-7500,0,0,-7000,0,55100],"RejectedAmtGraph":[0,2600,16000,0,0,0,0],"ShippingGraph":[23000,9000,0,0,9000,0,58000],"AdsPGraph":[0,0,0,0,0,0,0],"AdsSGraph":[0,0,0,0,0,0,0],"PDateGraph":[20161211,20161212,20161213,20161214,20161215,20161216,20161217],"PSuccessTransGraph":[3,0,0,0,0,3,4],"PRejectedSumGraph":[0,4,2,3,1,5,0],"PGrossGraph":[14522,0,0,0,0,12414,6140],"PNetGraph":[-23928,0,0,0,0,-14586,-20910],"PRejectedAmtGraph":[0,9300,696,3800,500,13500,0],"PShippingGraph":[38450,0,0,0,0,27000,27050],"PAdsPGraph":[0,0,0,0,0,0,0],"PAdsSGraph":[0,0,0,0,0,0,0]}