{"SuccessTrans":10,"RejectedTrans":1,"FinishedTrans":11,"NewOrder":9,"DeliveredProduct":11,"GrossRevenue":4121036,"NetRevenue":3787000,"RejectedAmount":1680000,"ShippingCost":334036,"CpcProduct":0,"CpcShop":0,"DiffSuccessTrans":-0.79591835,"DiffRejectedTrans":-0.5,"DiffFinishedTrans":-0.78431374,"DiffNewOrder":-0.8043478,"DiffDeliveredProduct":-0.8,"DiffGrossRevenue":-0.8317771,"DiffNetRevenue":-0.83911467,"DiffRejectedAmount":4.169231,"DiffShippingCost":-0.65167284,"DiffCpcShop":-2.1474836e+09,"DiffCpcProd":-2.1474836e+09,"DateGraph":[20170103,20170104,20170105,20170106,20170107,20170108,20170109],"SuccessTransGraph":[0,6,1,1,1,0,1],"RejectedTransGraph":[1,0,0,0,0,0,0],"GrossGraph":[0,2693606,754430,195000,218000,0,260000],"NetGraph":[0,2487000,715000,150000,190000,0,245000],"RejectedAmtGraph":[1680000,0,0,0,0,0,0],"ShippingGraph":[0,206606,39430,45000,28000,0,15000],"AdsPGraph":[0,0,0,0,0,0,0],"AdsSGraph":[0,0,0,0,0,0,0],"PDateGraph":[20161227,20161228,20161229,20161230,20161231,20170101,20170102],"PSuccessTransGraph":[11,11,3,6,7,5,6],"PRejectedTransGraph":[0,1,1,0,0,0,0],"PGrossGraph":[5057910,8562070,1385510,3049460,3607372,751000,2084150],"PNetGraph":[4881000,8385500,1333000,2914000,3418000,657000,1950000],"PRejectedAmtGraph":[0,255000,70000,0,0,0,0],"PShippingGraph":[176910,176570,52510,135460,189372,94000,134150],"PAdsPGraph":[0,0,0,0,0,0,0],"PAdsSGraph":[0,0,0,0,0,0,0]}