{"SuccessTrans":19999,"ProductView":19999,"ProductSold":19999,"ConversionRate":0.125,"DiffTrans":-0.2,"DiffConv":0,"DiffView":-0.45299146,"DiffSold":-0.23076923,"DateGraph":[20161218,20161219,20161220,20161221,20161222,20161223,20161224],"ViewGraph":[0,19,4,11,23,7,0],"ProductSoldGraph":[2,1,0,0,1,0,6],"SuccessTransGraph":[2,1,0,0,1,0,4],"PDateGraph":[20161211,20161212,20161213,20161214,20161215,20161216,20161217],"PViewGraph":[0,0,23,27,28,16,23],"PProductSoldGraph":[5,0,0,0,0,4,4],"PSuccessTransGraph":[3,0,0,0,0,3,4]}